year,tpl,date_tpl,gdd_0,GDD,date_harv,doy_harv,eu,transplant,sex,crop,rep,height_cm,weight_g,weight_0,red_all,test_0,red_p_tpl
2020,0,161,0,189,1-Sep,245,337,1,f,wide,4,188,193.87,58.77474642,-217.9239095,0,
2020,0,161,0,189,19-Aug,232,377,1,m,wide,3,198,170.07,63.83566887,-178.8947196,0,
2020,0,161,0,189,19-Aug,232,358,1,m,fallow,4,203,1286.83,0,-173.6364216,0,
2020,0,161,0,189,19-Aug,232,356,1,m,fallow,4,201,1172.58,0,-149.3418674,0,
2020,0,161,0,189,27-Aug,240,335,1,f,wide,2,180,151.59,67.7653263,-148.5897015,0,
2019,10,175,,247,7-Aug,219,79,2,m,wide,1,155,50.5,63.39253353,-147.9135984,0,
2019,0,165,0,168,15-Aug,227,5,1,m,fallow,1,129,333.85,0,-142.0079739,0,
2019,0,165,0,168,15-Aug,227,48,1,m,wide,3,155,49.21,64.32765495,-141.580756,0,
2020,0,161,0,189,19-Aug,232,357,1,m,fallow,4,201,1132.12,0,-140.7382993,0,
2019,0,165,0,168,15-Aug,227,47,1,m,wide,3,152,48.87,64.57412106,-139.9116348,0,
2020,0,161,0,189,19-Aug,232,381,1,m,narrow,3,188,57.27,87.82188955,-117.6738883,0,
2020,0,161,0,189,14-Aug,227,347,1,f,narrow,2,158,56.46,87.99413103,-114.5952109,0,
2019,0,165,0,168,15-Aug,227,56,1,m,fallow,4,168,283.01,0,-105.1540413,0,
2019,0,165,0,168,29-Jul,210,26,1,m,narrow,2,118,18.6,86.51685393,-103.2786885,0,
2019,0,165,0,168,20-Aug,232,46,1,m,wide,3,151,38.72,71.93185937,-90.08345606,0,
2019,0,165,0,168,23-Jul,204,40,1,m,narrow,3,73,16.1,88.32910475,-75.95628415,0,
2020,0,161,0,189,19-Aug,232,354,1,m,fallow,3,168,806.01,0,-71.39302954,0,
2020,10,171,,269,30-Jul,212,432,2,m,wide,3,114,103.15,78.06579199,-69.15382092,0,
2020,0,161,0,189,14-Aug,227,330,1,f,corn,1,117,24.35,94.82212346,-67.46905089,0,
2020,10,171,,269,19-Aug,232,392,2,f,fallow,4,188,781.43,0,-66.16624492,0,
2020,0,161,0,189,14-Aug,227,348,1,f,narrow,2,165,43.4,90.77125906,-64.95629038,0,
2019,0,165,0,168,15-Aug,227,24,1,f,fallow,2,170,220.43,0,-59.78977891,0,
2019,0,165,0,168,15-Aug,227,4,1,m,corn,1,178,22.52,83.67524465,-56.71537926,0,
2020,0,161,0,189,28-Aug,241,336,1,f,wide,4,183,93.45,80.12843686,-53.24696622,0,
2019,0,165,0,168,15-Aug,227,6,1,m,fallow,1,178,211.31,0,-53.17868793,0,
2019,0,165,0,168,15-Aug,227,44,1,m,wide,3,122,31,77.52808989,-52.18458517,0,
2019,0,165,0,168,15-Aug,227,8,1,m,fallow,1,175,209.38,0,-51.7796303,0,
2019,0,165,0,168,15-Aug,227,25,1,f,fallow,2,173,206.17,0,-49.45270025,0,
2020,0,161,0,189,19-Aug,232,331,1,f,corn,1,111,21.58,95.41114679,-48.41815681,0,
2019,0,165,0,168,15-Aug,227,20,1,na,corn,2,166,21.05,84.74084813,-46.48573417,0,
2019,0,165,0,168,15-Aug,227,7,1,m,fallow,1,171,199.82,0,-44.84958318,0,
2019,0,165,0,168,15-Aug,227,61,1,f,wide,4,127,29.04,78.94889453,-42.56259205,0,
2019,0,165,0,168,15-Aug,227,18,1,m,corn,2,164,20.26,85.31351939,-40.9881698,0,
2019,0,165,0,168,15-Aug,227,3,1,m,corn,1,109,20.25,85.32076839,-40.91858038,0,
2020,0,161,0,189,14-Aug,227,350,1,f,narrow,2,160,36.85,92.16407596,-40.06081338,0,
2019,0,165,0,168,15-Aug,227,28,1,f,narrow,2,122,12.72,90.77926785,-39.01639344,0,
2019,0,165,0,168,15-Aug,227,19,1,f,corn,2,169,19.82,85.63247553,-37.92623521,0,
2020,0,161,0,189,19-Aug,232,333,1,f,corn,4,119,20.01,95.74499755,-37.62035763,0,
2020,0,161,0,189,19-Aug,232,332,1,f,corn,4,115,19.13,95.9321241,-31.56808803,0,
2020,0,161,0,189,19-Aug,232,328,1,f,corn,4,158,18.95,95.97039998,-30.3301238,0,
2020,0,161,0,189,14-Aug,227,323,1,f,fallow,2,188,610.18,0,-29.75099411,0,
2020,20,181,,373,19-Aug,232,479,3,m,fallow,4,168,579.41,0,-23.20794437,0,
2019,10,175,,247,7-Aug,219,69,2,m,fallow,1,146,165,0,-19.60855382,0,
2020,0,161,0,189,14-Aug,227,365,1,m,corn,3,98,17.38,96.30425075,-19.53232462,0,
2019,10,175,,247,7-Aug,219,78,2,m,wide,1,109,24,82.60239217,-17.82032401,0,
2019,0,165,0,168,23-Jul,204,10,1,f,narrow,1,67,10.7,92.24356651,-16.93989071,0,
2020,10,171,,269,19-Aug,232,389,2,f,fallow,3,133,547.78,0,-16.48202097,0,
2020,0,161,0,189,18-Aug,231,380,1,m,narrow,3,147,30.46,93.52286984,-15.77347016,0,
2020,0,161,0,189,14-Aug,227,351,1,m,fallow,1,180,529.17,0,-12.52471984,0,
2020,0,161,0,189,19-Aug,232,362,1,m,corn,4,112,16.28,96.53815893,-11.96698762,0,
2019,0,165,0,168,15-Aug,227,50,1,m,corn,4,172,16.08,88.34360275,-11.89979123,0,
2020,0,161,0,189,19-Aug,232,364,1,m,corn,3,100,15.98,96.60195207,-9.903713893,0,
2020,0,161,0,189,27-Jul,209,370,1,m,wide,3,147,66.87,85.78050907,-9.658904559,0,
2020,10,171,,269,1-Sep,245,395,2,f,corn,1,163,15.89,96.62109001,-9.284731774,0,
2019,0,165,0,168,15-Aug,227,62,1,m,wide,4,131,21.66,84.29865893,-6.332842415,0,
2020,20,181,,373,19-Aug,232,449,3,f,fallow,3,170,489.31,0,-4.048737959,0,
2020,0,161,0,189,14-Aug,227,346,1,f,narrow,2,142,26.96,94.26712314,-2.47054352,0,
2020,0,161,0,189,14-Aug,227,349,1,f,narrow,2,135,26.21,94.42660599,0.380083618,0.380083618,
2019,0,165,0,168,15-Aug,227,35,1,m,corn,3,119,14.01,89.84414643,2.505219207,2.505219207,
2020,10,171,,269,19-Aug,232,433,2,m,wide,4,174,59.19,87.41361346,2.935388652,2.935388652,
2020,20,181,,373,19-Aug,232,480,3,m,fallow,3,128,455.11,3.223680014,3.223680014,3.223680014,
2019,0,165,0,168,15-Aug,227,33,1,m,corn,3,117,13.89,89.93113447,3.340292276,3.340292276,
2020,0,161,0,189,19-Aug,232,344,1,f,narrow,3,145,24.55,94.7795947,6.689471684,6.689471684,
2019,0,165,0,168,15-Aug,227,34,1,m,corn,3,115,13.18,90.4458137,8.281141267,8.281141267,
2020,0,161,0,189,19-Aug,232,355,1,m,fallow,3,130,428.46,8.890637293,8.890637293,8.890637293,
2020,0,161,0,189,31-Jul,213,363,1,m,corn,1,69,13.12,97.21011334,9.766162311,9.766162311,
2019,0,165,0,168,29-Jul,210,55,1,m,fallow,4,96,124.2,9.967379485,9.967379485,9.967379485,
2019,0,165,0,168,15-Aug,227,21,1,na,corn,3,114,12.78,90.73577383,11.06471816,11.06471816,
2019,0,165,0,168,15-Aug,227,52,1,m,corn,4,121,12.68,90.80826386,11.76061239,11.76061239,
2019,0,165,0,168,23-Jul,204,43,1,m,narrow,3,77,8.05,94.16455237,12.02185792,12.02185792,
2019,0,165,0,168,29-Jul,210,16,1,m,wide,1,101,17.9,87.02428416,12.12567501,12.12567501,
2019,0,165,0,168,23-Jul,204,60,1,m,narrow,4,77,8.01,94.19354839,12.45901639,12.45901639,
2019,0,165,0,168,23-Jul,204,59,1,m,narrow,4,85,7.99,94.20804639,12.67759563,12.67759563,
2020,30,191,,517,1-Sep,245,532,4,m,fallow,4,192,407.03,13.44759394,13.44759394,13.44759394,
2019,0,165,0,168,23-Jul,204,42,1,f,narrow,3,81,7.88,94.28778543,13.87978142,13.87978142,
2019,0,165,0,168,29-Jul,210,32,1,m,wide,2,115,17.3,87.45922436,15.07118311,15.07118311,
2020,0,161,0,189,14-Aug,227,367,1,m,corn,2,76,12.17,97.41212495,16.29986245,16.29986245,
2019,10,175,,247,15-Aug,227,104,2,m,fallow,3,140,115.17,16.51322943,16.51322943,16.51322943,
2019,0,165,0,168,23-Jul,204,41,1,m,narrow,3,78,7.45,94.59949257,18.57923497,18.57923497,
2019,0,165,0,168,15-Aug,227,27,1,m,narrow,2,120,7.43,94.61399058,18.79781421,18.79781421,
2019,0,165,0,168,23-Jul,204,58,1,m,narrow,4,79,7.38,94.65023559,19.3442623,19.3442623,
2020,0,161,0,189,14-Aug,227,329,1,f,corn,1,137,11.65,97.52269973,19.87620358,19.87620358,
2019,0,165,0,168,15-Aug,227,51,1,f,corn,4,115,11.48,91.67814426,20.11134308,20.11134308,
2019,0,165,0,168,23-Jul,204,11,1,m,narrow,1,71,7.3,94.70822762,20.21857923,20.21857923,
2019,10,175,,247,29-Jul,210,77,2,m,wide,1,58,16.2,88.25661472,20.4712813,20.4712813,
2020,10,171,,269,14-Aug,227,394,2,f,corn,1,112,11.51,97.55246986,20.83906465,20.83906465,
2019,0,165,0,168,15-Aug,227,39,1,m,fallow,3,134,108.5,21.34831461,21.34831461,21.34831461,
2020,30,191,,517,1-Sep,245,513,4,f,fallow,4,198,369.41,21.44725371,21.44725371,21.44725371,
2019,20,185,,379,27-Aug,239,165,3,m,fallow,3,111,107.99,21.71801377,21.71801377,21.71801377,
2019,0,165,0,168,23-Jul,204,29,1,f,narrow,2,71,7.15,94.81696267,21.8579235,21.8579235,
2020,0,161,0,189,14-Aug,227,369,1,m,corn,2,69,11.15,97.62902163,23.31499312,23.31499312,
2019,0,165,0,168,23-Jul,204,12,1,m,narrow,1,73,7,94.92569772,23.49726776,23.49726776,
2020,0,161,0,189,14-Aug,227,343,1,f,narrow,2,127,20.1,95.72585961,23.6031927,23.6031927,
2019,0,165,0,168,23-Jul,204,57,1,m,narrow,4,69,6.99,94.93294672,23.60655738,23.60655738,
2020,10,171,,269,14-Aug,227,409,2,f,wide,2,191,46.01,90.21625874,24.54903247,24.54903247,
2020,10,171,,269,19-Aug,232,422,2,m,fallow,3,206,347.3,26.14880813,26.14880813,26.14880813,
2019,10,175,,247,20-Aug,232,111,2,m,wide,3,99,14.8,89.27147517,27.34413353,27.34413353,
2019,20,185,,379,27-Aug,239,150,3,m,fallow,2,104,100.1,27.43747735,27.43747735,27.43747735,
2020,0,161,0,189,14-Aug,227,341,1,f,narrow,1,132,18.94,95.97252642,28.01216268,28.01216268,
2020,10,171,,269,1-Sep,245,397,2,f,corn,2,130,10.45,97.77787229,28.12929849,28.12929849,
2020,20,181,,373,19-Aug,232,450,3,f,fallow,4,170,335.58,28.64099347,28.64099347,28.64099347,
2020,0,161,0,189,19-Aug,232,383,1,m,narrow,4,150,18.49,96.06821613,29.72253896,29.72253896,
2019,0,165,0,168,15-Aug,227,22,1,f,fallow,2,104,96.54,30.01812251,30.01812251,30.01812251,
2020,10,171,,269,14-Aug,227,408,2,f,wide,2,163,41.59,91.15614434,31.79731059,31.79731059,
2019,30,195,,499,4-Sep,247,231,4,na,fallow,3,81,92.56,32.90322581,32.90322581,32.90322581,
2019,10,175,,247,15-Aug,227,119,2,m,fallow,4,158,92.24,33.13519391,33.13519391,33.13519391,
2019,10,175,,247,15-Aug,227,126,2,m,wide,4,129,13.56,90.17035158,33.43151694,33.43151694,
2019,10,175,,247,15-Aug,227,103,2,m,fallow,3,142,89.42,35.17941283,35.17941283,35.17941283,
2019,10,175,,247,20-Aug,232,86,2,m,fallow,2,147,87.97,36.2305183,36.2305183,36.2305183,
2019,0,165,0,168,23-Jul,204,9,1,m,narrow,1,70,5.8,95.79557811,36.61202186,36.61202186,
2019,0,165,0,168,29-Jul,210,31,1,m,wide,2,106,12.9,90.64878579,36.67157585,36.67157585,
2020,0,161,0,189,14-Aug,227,366,1,m,corn,2,88,9.1,98.06494142,37.41403026,37.41403026,
2020,10,171,,269,7-Aug,220,386,2,f,fallow,2,135,294.04,37.47421694,37.47421694,37.47421694,
2019,10,175,,247,2-Aug,214,101,2,f,fallow,3,119,85.9,37.73106198,37.73106198,37.73106198,
2019,10,175,,247,20-Aug,232,72,2,m,fallow,1,112,85.47,38.04276912,38.04276912,38.04276912,
2019,30,195,,499,4-Sep,247,216,4,na,fallow,2,82,85.04,38.35447626,38.35447626,38.35447626,
2019,10,175,,247,15-Aug,227,70,2,m,fallow,1,148,84.94,38.42696629,38.42696629,38.42696629,
2019,0,165,0,168,15-Aug,227,17,1,m,corn,2,102,8.83,93.59913012,38.55254001,38.55254001,
2020,20,181,,373,19-Aug,232,481,3,m,fallow,4,165,287.71,38.8202522,38.8202522,38.8202522,
2020,10,171,,269,7-Aug,220,393,2,f,fallow,2,155,285.69,39.24979267,39.24979267,39.24979267,
2019,30,195,,499,4-Sep,247,199,4,na,fallow,1,73,83.43,39.52156578,39.52156578,39.52156578,
2019,30,195,,499,29-Aug,241,247,4,na,fallow,4,71,82.68,40.06524103,40.06524103,40.06524103,
2019,30,195,,499,29-Aug,241,246,4,na,fallow,4,70,82.56,40.15222907,40.15222907,40.15222907,
2020,0,161,0,189,14-Aug,227,342,1,f,narrow,1,112,15.51,96.70189466,41.04903079,41.04903079,
2019,0,165,0,168,15-Aug,227,2,1,m,corn,1,80,8.37,93.93258427,41.75365344,41.75365344,
2020,10,171,,269,14-Aug,227,387,2,f,fallow,2,152,273.89,41.75898952,41.75898952,41.75898952,
2019,0,165,0,168,23-Jul,204,13,1,m,wide,1,79,11.8,91.44617615,42.07167403,42.07167403,
2019,0,165,0,168,20-Aug,232,45,1,m,wide,3,143,11.74,91.48967017,42.36622484,42.36622484,
2020,0,161,0,189,19-Aug,232,360,1,m,corn,3,92,8.36,98.22229783,42.50343879,42.50343879,
2020,10,171,,269,19-Aug,232,401,2,f,corn,3,99,8.35,98.22442427,42.57221458,42.57221458,
2019,10,175,,247,15-Aug,227,71,2,m,fallow,1,112,78.95,42.76911925,42.76911925,42.76911925,
2020,0,161,0,189,14-Aug,227,368,1,m,corn,2,91,8.01,98.29672316,44.91059147,44.91059147,
2019,30,195,,499,29-Aug,241,245,4,na,fallow,4,62,74.98,45.64697354,45.64697354,45.64697354,
2019,20,185,,379,27-Aug,239,152,3,m,fallow,2,106,74.76,45.80645161,45.80645161,45.80645161,
2019,30,195,,499,4-Sep,247,197,4,na,fallow,1,75,74.47,46.01667271,46.01667271,46.01667271,
2019,0,165,0,168,29-Jul,210,30,1,F,wide,2,104,10.9,92.09858644,46.48993618,46.48993618,
2020,0,161,0,189,30-Jul,212,374,1,m,wide,3,119,32.46,93.09758224,46.7694326,46.7694326,
2020,0,161,0,189,30-Jul,212,339,1,f,wide,1,76,32.38,93.11459374,46.90062316,46.90062316,
2019,20,185,,379,27-Aug,239,151,3,m,fallow,2,103,73.16,46.96629213,46.96629213,46.96629213,
2019,10,175,,247,15-Aug,227,117,2,m,fallow,4,180,72.74,47.27075027,47.27075027,47.27075027,
2020,10,171,,269,19-Aug,232,429,2,m,corn,1,91,7.66,98.37114849,47.31774415,47.31774415,
2019,20,185,,379,27-Aug,239,184,3,f,fallow,4,105,72.6,47.37223632,47.37223632,47.37223632,
2020,10,171,,269,14-Aug,227,411,2,f,narrow,1,133,13.83,97.05913624,47.43443558,47.43443558,
2020,0,161,0,189,30-Jul,212,340,1,f,wide,3,78,31.99,93.19752483,47.54017711,47.54017711,
2019,30,195,,499,4-Sep,247,214,4,na,fallow,2,78,72.06,47.76368249,47.76368249,47.76368249,
2019,10,175,,247,2-Aug,214,109,2,m,wide,3,111,10.63,92.29430953,47.81541483,47.81541483,
2019,20,185,,379,27-Aug,239,149,3,m,fallow,2,110,71.94,47.85067053,47.85067053,47.85067053,
2020,40,201,,636,1-Sep,245,597,5,m,fallow,4,145,244.04,48.10640696,48.10640696,48.10640696,
2019,0,165,0,168,15-Aug,227,49,1,m,corn,4,109,7.42,94.62123958,48.36464857,48.36464857,
2019,30,195,,499,4-Sep,247,213,4,na,fallow,2,65,71.19,48.39434578,48.39434578,48.39434578,
2019,0,165,0,168,15-Aug,227,1,1,f,corn,1,56,7.37,94.6574846,48.71259569,48.71259569,
2020,30,191,,517,1-Sep,245,533,4,m,fallow,4,185,239.85,48.99738448,48.99738448,48.99738448,
2019,20,185,,379,27-Aug,239,136,3,f,fallow,1,98,70.1,49.18448713,49.18448713,49.18448713,
2019,20,185,,379,27-Aug,239,167,3,m,fallow,3,100,70.04,49.22798115,49.22798115,49.22798115,
2020,10,171,,269,19-Aug,232,428,2,m,corn,4,93,7.38,98.43068875,49.2434663,49.2434663,
2019,30,195,,499,4-Sep,247,229,4,na,fallow,3,61,69.94,49.30047119,49.30047119,49.30047119,
2019,20,185,,379,27-Aug,239,166,3,m,fallow,3,109,69.86,49.35846321,49.35846321,49.35846321,
2019,30,195,,499,29-Aug,241,248,4,na,fallow,4,60,69.82,49.38745922,49.38745922,49.38745922,
2020,0,161,0,189,30-Jul,212,373,1,m,wide,2,130,30.48,93.51861696,50.01639882,50.01639882,
2019,20,185,,379,27-Aug,239,134,3,m,fallow,1,99,68.17,50.58354476,50.58354476,50.58354476,
2019,20,185,,379,15-Aug,227,181,3,m,fallow,4,52,68.16,50.59079377,50.59079377,50.59079377,
2020,0,161,0,189,30-Jul,212,334,1,f,wide,1,92,30.04,93.61218024,50.73794687,50.73794687,
2020,30,191,,517,1-Sep,245,514,4,f,fallow,4,185,231.18,50.84100623,50.84100623,50.84100623,
2019,20,185,,379,15-Aug,227,133,3,m,fallow,1,52,67.7,50.92424792,50.92424792,50.92424792,
2019,20,185,,379,27-Aug,239,168,3,m,fallow,3,109,67.35,51.17796303,51.17796303,51.17796303,
2020,0,161,0,189,31-Jul,213,359,1,m,fallow,4,137,228.11,51.4938227,51.4938227,51.4938227,
2020,20,181,,373,1-Sep,245,464,3,f,corn,2,130,7.04,98.50298765,51.58184319,51.58184319,
2019,30,195,,499,4-Sep,247,198,4,na,fallow,1,70,66.17,52.03334542,52.03334542,52.03334542,
2019,20,185,,379,29-Aug,241,183,3,m,fallow,4,103,65.83,52.27981153,52.27981153,52.27981153,
2019,20,185,,379,27-Aug,239,135,3,m,fallow,1,101,65.83,52.27981153,52.27981153,52.27981153,
2020,0,161,0,189,7-Aug,220,353,1,m,fallow,3,147,224.07,52.35290365,52.35290365,52.35290365,
2019,10,175,,247,15-Aug,227,102,2,m,fallow,3,142,65.53,52.49728162,52.49728162,52.49728162,
2020,10,171,,269,1-Sep,245,399,2,f,corn,2,79,6.88,98.53701065,52.68225585,52.68225585,
2020,0,161,0,189,19-Aug,232,379,1,m,narrow,3,119,12.34,97.3759755,53.09768149,53.09768149,
2019,30,195,,499,4-Sep,247,200,4,na,fallow,1,76,64.67,53.1206959,53.1206959,53.1206959,
2020,0,161,0,189,30-Jul,212,338,1,f,wide,1,81,28.35,93.97154826,53.50934733,53.50934733,
2019,30,195,,499,4-Sep,247,232,4,na,fallow,3,62,63.91,53.67162015,53.67162015,53.67162015,
2020,0,161,0,189,27-Jul,209,384,1,m,narrow,,127,12.13,97.4206307,53.89585709,53.89585709,
2020,0,161,0,189,30-Jul,212,372,1,m,wide,2,147,27.89,94.06936441,54.26369301,54.26369301,
2019,10,175,,247,15-Aug,227,120,2,m,fallow,4,162,61.31,55.556361,55.556361,55.556361,
2020,30,191,,517,1-Sep,245,515,4,f,fallow,1,99,207.81,55.81049185,55.81049185,55.81049185,
2020,0,161,0,189,30-Jul,212,376,1,m,wide,4,135,26.88,94.28413465,55.91997376,55.91997376,
2020,10,171,,269,19-Aug,232,403,2,f,corn,4,125,6.4,98.63907968,55.98349381,55.98349381,
2019,10,175,,247,20-Aug,232,88,2,m,fallow,2,125,59.28,57.02790866,57.02790866,57.02790866,
2020,20,181,,373,14-Aug,227,451,3,f,fallow,2,130,202.07,57.03106726,57.03106726,57.03106726,
2020,0,161,0,189,19-Aug,232,382,1,m,narrow,4,107,11.29,97.59925149,57.08855948,57.08855948,
2020,10,171,,269,14-Aug,227,407,2,f,wide,2,155,25.95,94.48189338,57.44506396,57.44506396,
2020,10,171,,269,30-Jul,212,436,2,m,wide,4,119,25.38,94.60310035,58.37979665,58.37979665,
2020,0,161,0,189,30-Jul,212,378,1,m,wide,1,72,25.13,94.6562613,58.78976714,58.78976714,
2019,0,165,0,168,29-Jul,210,14,1,m,wide,1,91,8.3,93.98332729,59.25380461,59.25380461,
2020,10,171,,269,14-Aug,227,412,2,f,narrow,1,115,10.68,97.72896421,59.40706956,59.40706956,
2020,0,161,0,189,30-Jul,212,322,1,f,fallow,1,136,190.45,59.50198822,59.50198822,59.50198822,
2019,0,165,0,168,23-Jul,204,54,1,m,fallow,4,73,55.4,59.84052193,59.84052193,59.84052193,
2019,0,165,0,168,15-Aug,227,15,1,m,wide,1,98,8.11,94.12105835,60.18654885,60.18654885,
2020,10,171,,269,14-Aug,227,404,2,f,wide,1,181,24.12,94.87103154,60.44604788,60.44604788,
2020,10,171,,269,14-Aug,227,405,2,f,wide,1,170,24.1,94.87528441,60.47884552,60.47884552,
2020,10,171,,269,30-Jul,212,437,2,m,narrow,4,117,10.38,97.79275735,60.54732041,60.54732041,
2020,0,161,0,189,7-Aug,220,324,1,f,fallow,2,109,182.88,61.11170179,61.11170179,61.11170179,
2020,0,161,0,189,14-Aug,227,345,1,f,narrow,2,105,10.15,97.84166543,61.42151273,61.42151273,
2019,20,185,,379,29-Aug,241,182,3,m,fallow,4,100,52.12,62.218195,62.218195,62.218195,
2020,0,161,0,189,19-Aug,232,361,1,m,corn,3,135,5.44,98.84321773,62.58596974,62.58596974,
2020,0,161,0,189,7-Aug,220,327,1,f,fallow,3,124,175.13,62.75969124,62.75969124,62.75969124,
2020,30,191,,517,19-Aug,232,516,4,f,fallow,3,104,174.91,62.80647288,62.80647288,62.80647288,
2020,10,171,,269,14-Aug,227,388,2,f,fallow,2,188,174.1,62.97871436,62.97871436,62.97871436,
2020,10,171,,269,27-Jul,209,430,2,m,wide,1,147,22.56,95.20275586,63.00426369,63.00426369,
2020,0,161,0,189,14-Aug,227,326,1,f,fallow,2,148,173.42,63.12331214,63.12331214,63.12331214,
2020,10,171,,269,30-Jul,212,448,2,m,narrow,2,101,9.65,97.94798733,63.32193082,63.32193082,
2020,30,191,,517,1-Sep,245,517,4,f,fallow,1,123,172.46,63.32745019,63.32745019,63.32745019,
2019,0,165,0,168,15-Aug,227,23,1,m,fallow,2,133,50.41,63.45777456,63.45777456,63.45777456,
2019,10,175,,247,20-Aug,232,87,2,m,fallow,2,146,48.42,64.90032621,64.90032621,64.90032621,
2019,10,175,,247,20-Aug,232,107,2,m,narrow,3,43,3.2,97.68031896,65.0273224,65.0273224,
2020,10,171,,269,19-Aug,232,425,2,m,corn,3,117,5.01,98.93465456,65.54332875,65.54332875,
2020,20,181,,373,1-Sep,245,465,3,f,corn,2,94,4.98,98.94103387,65.74965612,65.74965612,
2020,10,171,,269,14-Aug,227,413,2,f,narrow,2,108,8.98,98.09045867,65.86849107,65.86849107,
2019,10,175,,247,15-Aug,227,118,2,m,fallow,4,173,46.31,66.42986589,66.42986589,66.42986589,
2020,10,171,,269,1-Sep,245,398,2,f,corn,2,76,4.87,98.96442469,66.50618982,66.50618982,
2019,30,195,,499,4-Sep,247,215,4,na,fallow,2,61,46.02,66.64008699,66.64008699,66.64008699,
2020,10,171,,269,19-Aug,232,414,2,f,wide,3,180,20.21,95.70246879,66.85798622,66.85798622,
2020,10,171,,269,30-Jul,212,447,2,f,narrow,2,105,8.59,98.17338975,67.35081718,67.35081718,
2020,10,171,,269,19-Aug,232,427,2,m,corn,4,87,4.73,98.99419482,67.46905089,67.46905089,
2020,30,191,,517,27-Aug,240,518,4,f,fallow,1,132,151.9,67.69940672,67.69940672,67.69940672,
2020,20,181,,373,19-Aug,232,482,3,m,fallow,4,171,140.18,70.19159206,70.19159206,70.19159206,
2020,0,161,0,189,30-Jul,212,371,1,m,wide,2,82,18.15,96.14051502,70.236143,70.236143,
2020,10,171,,269,19-Aug,232,434,2,m,wide,4,155,17.94,96.18517022,70.5805182,70.5805182,
2020,20,181,,373,30-Jul,212,483,3,m,fallow,3,165,138.28,70.59561528,70.59561528,70.59561528,
2019,40,205,,632,4-Sep,247,280,5,na,fallow,2,46,40.1,70.93149692,70.93149692,70.93149692,
2020,0,161,0,189,7-Aug,220,352,1,m,fallow,1,102,131.77,71.97992643,71.97992643,71.97992643,
2020,30,191,,517,19-Aug,232,534,4,m,fallow,3,84,131.45,72.04797244,72.04797244,72.04797244,
2020,10,171,,269,19-Aug,232,431,2,m,wide,2,144,16.87,96.41269909,72.33519187,72.33519187,
2020,0,161,0,189,7-Aug,220,325,1,f,fallow,2,128,130.03,72.34992664,72.34992664,72.34992664,
2020,0,161,0,189,30-Jul,212,375,1,m,wide,4,77,16.18,96.55942331,73.4667104,73.4667104,
2020,0,161,0,189,7-Aug,220,321,1,f,fallow,1,119,123.22,73.79803092,73.79803092,73.79803092,
2019,10,175,,247,20-Aug,232,85,2,f,fallow,2,152,35.92,73.96158028,73.96158028,73.96158028,
2019,0,165,0,168,23-Jul,204,36,1,m,fallow,3,61,35.9,73.97607829,73.97607829,73.97607829,
2019,30,195,,499,4-Sep,247,230,4,na,fallow,3,65,35.25,74.4472635,74.4472635,74.4472635,
2019,40,205,,632,29-Aug,241,293,5,na,fallow,3,48,34.17,75.23015585,75.23015585,75.23015585,
2019,40,205,,632,4-Sep,247,262,5,na,fallow,1,55,34.16,75.23740486,75.23740486,75.23740486,
2019,0,165,0,168,20-Aug,232,64,1,m,wide,4,138,5.02,96.36100036,75.35591556,75.35591556,
2020,20,181,,373,30-Jul,212,492,3,m,corn,3,76,3.57,99.24086163,75.44704264,75.44704264,
2019,0,165,0,168,29-Jul,210,37,1,m,fallow,3,75,33.5,75.71583907,75.71583907,75.71583907,
2020,20,181,,373,7-Aug,220,452,3,f,fallow,2,89,113.89,75.78199758,75.78199758,75.78199758,
2020,40,201,,636,1-Sep,245,594,5,m,fallow,3,133,113.87,75.78625045,75.78625045,75.78625045,
2019,40,205,,632,29-Aug,241,310,5,m,fallow,4,58,33.28,75.87531714,75.87531714,75.87531714,
2019,40,205,,632,4-Sep,247,278,5,na,fallow,2,55,32.89,76.15802827,76.15802827,76.15802827,
2019,40,205,,632,4-Sep,247,277,5,na,fallow,2,59,32.61,76.36100036,76.36100036,76.36100036,
2019,40,205,,632,4-Sep,247,264,5,na,fallow,1,58,32.49,76.4479884,76.4479884,76.4479884,
2020,10,171,,269,27-Jul,209,417,2,m,fallow,1,97,109.76,76.66021647,76.66021647,76.66021647,
2020,30,191,,517,1-Sep,245,519,4,f,fallow,1,128,108.58,76.91113616,76.91113616,76.91113616,
2020,40,201,,636,1-Sep,245,582,5,f,fallow,2,74,107.83,77.07061901,77.07061901,77.07061901,
2020,10,171,,269,30-Jul,212,435,2,m,wide,4,127,13.89,97.04637761,77.22204001,77.22204001,
2019,40,205,,632,4-Sep,247,261,5,na,fallow,1,45,31.02,77.51359188,77.51359188,77.51359188,
2020,40,201,,636,1-Sep,245,598,5,m,fallow,4,135,105.5,77.56607906,77.56607906,77.56607906,
2020,40,201,,636,1-Sep,245,595,5,m,fallow,3,102,105.2,77.6298722,77.6298722,77.6298722,
2019,40,205,,632,29-Aug,241,309,5,m,fallow,4,51,29.87,78.34722726,78.34722726,78.34722726,
2019,40,205,,632,4-Sep,247,279,5,na,fallow,2,51,29.65,78.50670533,78.50670533,78.50670533,
2020,30,191,,517,19-Aug,232,535,4,m,fallow,3,99,100.42,78.64630957,78.64630957,78.64630957,
2019,40,205,,632,29-Aug,241,312,5,na,fallow,4,52,28.29,79.49256977,79.49256977,79.49256977,
2020,10,171,,269,14-Aug,227,406,2,f,wide,1,138,12.44,97.35471112,79.59986881,79.59986881,
2019,40,205,,632,29-Aug,241,311,5,na,fallow,4,50,27.64,79.96375498,79.96375498,79.96375498,
2020,10,171,,269,19-Aug,232,402,2,f,corn,4,59,2.88,99.38758585,80.19257221,80.19257221,
2020,20,181,,373,1-Sep,245,493,3,m,corn,2,70,2.88,99.38758585,80.19257221,80.19257221,
2020,20,181,,373,1-Sep,245,462,3,f,corn,1,69,2.85,99.39396517,80.39889959,80.39889959,
2020,40,201,,636,1-Sep,245,599,5,m,fallow,4,119,90.93,80.66429923,80.66429923,80.66429923,
2020,10,171,,269,1-Sep,245,396,2,f,corn,1,94,2.81,99.40247092,80.67400275,80.67400275,
2019,10,175,,247,29-Jul,210,125,2,f,wide,4,35,3.9,97.17288873,80.85419735,80.85419735,
2019,40,205,,632,29-Aug,241,294,5,na,fallow,3,49,26.28,80.94961943,80.94961943,80.94961943,
2020,40,201,,636,1-Sep,245,583,5,f,fallow,3,97,88.39,81.20441449,81.20441449,81.20441449,
2019,40,205,,632,29-Aug,241,295,5,na,fallow,3,52,25.87,81.24682856,81.24682856,81.24682856,
2019,40,205,,632,4-Sep,247,263,5,na,fallow,1,55,25.56,81.47154766,81.47154766,81.47154766,
2019,40,205,,632,29-Aug,241,296,5,na,fallow,3,41,25.05,81.84124683,81.84124683,81.84124683,
2020,10,171,,269,27-Jul,209,385,2,f,fallow,1,109,83.3,82.28677143,82.28677143,82.28677143,
2020,10,171,,269,27-Jul,209,419,2,m,fallow,1,104,83.06,82.33780594,82.33780594,82.33780594,
2019,20,185,,379,20-Aug,232,180,3,m,corn,4,60,2.5,98.18774918,82.6026444,82.6026444,
2020,40,201,,636,1-Sep,245,593,5,m,fallow,2,97,81.67,82.63338082,82.63338082,82.63338082,
2019,0,165,0,168,20-Aug,232,63,1,m,wide,4,135,3.52,97.44835085,82.71968581,82.71968581,
2020,20,181,,373,30-Jul,212,484,3,m,fallow,3,100,80.8,82.81838093,82.81838093,82.81838093,
2020,10,171,,269,7-Aug,220,423,2,m,fallow,4,135,78.94,83.2138984,83.2138984,83.2138984,
2020,10,171,,269,30-Jul,212,416,2,f,wide,3,101,9.9,97.89482638,83.76516891,83.76516891,
2019,0,165,0,168,29-Jul,210,53,1,m,fallow,4,65,22.2,83.90721276,83.90721276,83.90721276,
2020,10,171,,269,27-Jul,209,418,2,m,fallow,1,99,74.65,84.1261403,84.1261403,84.1261403,
2020,30,191,,517,19-Aug,232,536,4,m,fallow,3,95,74.63,84.13039318,84.13039318,84.13039318,
2020,10,171,,269,30-Jul,212,420,2,m,fallow,3,81,71.41,84.81510622,84.81510622,84.81510622,
2020,30,191,,517,14-Aug,227,537,4,m,fallow,2,84,70.66,84.97458907,84.97458907,84.97458907,
2020,10,171,,269,27-Jul,209,421,2,m,fallow,3,102,70.07,85.10004891,85.10004891,85.10004891,
2020,10,171,,269,30-Jul,212,390,2,f,fallow,4,76,68.68,85.39562379,85.39562379,85.39562379,
2020,10,171,,269,30-Jul,212,441,2,m,narrow,3,91,3.84,99.18344781,85.40478905,85.40478905,
2020,10,171,,269,19-Aug,232,415,2,f,wide,3,127,8.87,98.11384949,85.45424729,85.45424729,
2020,50,211,,748,1-Sep,245,660,6,m,fallow,4,97,67.62,85.62102622,85.62102622,85.62102622,
2020,10,171,,269,19-Aug,232,426,2,m,corn,3,43,2.06,99.56195377,85.83218707,85.83218707,
2020,10,171,,269,30-Jul,212,391,2,f,fallow,4,94,66.1,85.9442448,85.9442448,85.9442448,
2020,10,171,,269,30-Jul,212,443,2,f,narrow,4,91,3.52,99.25149382,86.62105663,86.62105663,
2020,40,201,,636,1-Sep,245,581,5,f,fallow,2,112,61.07,87.01384311,87.01384311,87.01384311,
2020,20,181,,373,19-Aug,232,487,3,m,corn,3,68,1.88,99.60022966,87.07015131,87.07015131,
2020,20,181,,373,19-Aug,232,494,3,m,wide,4,118,7.88,98.32436685,87.0777304,87.0777304,
2020,10,171,,269,30-Jul,212,440,2,m,narrow,3,85,3.31,99.29614902,87.41923223,87.41923223,
2019,0,165,0,168,15-Aug,227,38,1,m,fallow,3,104,16.72,87.87966655,87.87966655,87.87966655,
2020,40,201,,636,27-Aug,240,579,5,f,fallow,1,79,56.17,88.05579773,88.05579773,88.05579773,
2020,10,171,,269,30-Jul,212,446,2,m,narrow,2,98,3.13,99.3344249,88.10338274,88.10338274,
2020,20,181,,373,14-Aug,227,453,3,f,fallow,1,84,54.08,88.50022328,88.50022328,88.50022328,
2020,30,191,,517,14-Aug,227,538,4,m,fallow,2,89,52.81,88.7702809,88.7702809,88.7702809,
2020,20,181,,373,27-Aug,240,454,3,f,fallow,1,84,51.25,89.10200523,89.10200523,89.10200523,
2020,10,171,,269,30-Jul,212,442,2,f,narrow,4,88,2.86,99.39183873,89.12960851,89.12960851,
2020,20,181,,373,27-Jul,209,455,3,f,fallow,1,86,49.92,89.38482149,89.38482149,89.38482149,
2019,10,175,,247,4-Sep,247,66,2,f,corn,1,42,1.5,98.91264951,89.56158664,89.56158664,
2020,10,171,,269,30-Jul,212,445,2,f,narrow,1,83,2.72,99.42160886,89.66172558,89.66172558,
2020,20,181,,373,30-Jul,212,485,3,m,fallow,1,86,48.38,89.71229294,89.71229294,89.71229294,
2019,10,175,,247,20-Aug,232,68,2,m,corn,1,36,1.47,98.93439652,89.77035491,89.77035491,
2020,10,171,,269,30-Jul,212,438,2,m,narrow,4,84,2.67,99.43224105,89.85176739,89.85176739,
2020,40,201,,636,19-Aug,232,600,5,m,fallow,4,76,47.02,90.00148851,90.00148851,90.00148851,
2020,40,201,,636,1-Sep,245,592,5,m,fallow,2,97,46.17,90.18223574,90.18223574,90.18223574,
2020,30,191,,517,14-Aug,227,539,4,m,fallow,2,84,45.81,90.25878751,90.25878751,90.25878751,
2020,20,181,,373,27-Jul,209,486,3,m,fallow,2,89,45.35,90.35660365,90.35660365,90.35660365,
2020,50,211,,748,1-Sep,245,658,6,m,fallow,4,85,45.27,90.37361516,90.37361516,90.37361516,
2020,20,181,,373,14-Aug,227,461,3,f,corn,1,61,1.39,99.70442512,90.44016506,90.44016506,
2019,10,175,,247,22-Aug,234,83,2,m,corn,2,73,1.37,99.00688655,90.46624913,90.46624913,
2020,40,201,,636,1-Sep,245,596,5,m,fallow,3,69,44.46,90.54585664,90.54585664,90.54585664,
2020,10,171,,269,19-Aug,232,424,2,m,corn,3,41,1.33,99.71718375,90.85281981,90.85281981,
2020,10,171,,269,1-Sep,245,400,2,f,corn,2,56,1.28,99.72781594,91.19669876,91.19669876,
2019,10,175,,247,20-Aug,232,113,2,m,corn,4,40,1.21,99.12287061,91.57967989,91.57967989,
2020,20,181,,373,19-Aug,232,468,3,f,wide,4,112,4.96,98.94528675,91.86618563,91.86618563,
2020,20,181,,373,14-Aug,227,469,3,f,wide,1,84,4.87,98.96442469,92.01377501,92.01377501,
2020,20,181,,373,1-Sep,245,463,3,f,corn,1,51,1.12,99.76183894,92.29711142,92.29711142,
2020,20,181,,373,30-Jul,212,456,3,f,fallow,2,79,35.39,92.4745359,92.4745359,92.4745359,
2019,10,175,,247,20-Aug,232,116,2,m,corn,4,42,1.06,99.23160565,92.62352122,92.62352122,
2019,20,185,,379,20-Aug,232,177,3,m,corn,4,54,1.06,99.23160565,92.62352122,92.62352122,
2020,50,211,,748,1-Sep,245,646,6,f,fallow,2,74,34.15,92.73821422,92.73821422,92.73821422,
2020,40,201,,636,27-Aug,240,577,5,f,fallow,1,84,33.61,92.85304187,92.85304187,92.85304187,
2020,50,211,,748,1-Sep,245,656,6,m,fallow,3,74,33.44,92.88919132,92.88919132,92.88919132,
2020,20,181,,373,19-Aug,232,457,3,f,corn,3,56,1,99.7873562,93.12242091,93.12242091,
2020,30,191,,517,14-Aug,227,520,4,f,fallow,2,65,32.33,93.12522593,93.12522593,93.12522593,
2020,20,181,,373,14-Aug,227,470,3,f,wide,1,81,4.18,99.11114891,93.14529354,93.14529354,
2019,20,185,,379,20-Aug,232,179,3,m,corn,4,64,0.97,99.29684668,93.24982603,93.24982603,
2020,40,201,,636,1-Sep,245,578,5,f,fallow,1,79,31.36,93.33149042,93.33149042,93.33149042,
2020,20,181,,373,14-Aug,227,460,3,f,corn,1,79,0.95,99.79798839,93.46629986,93.46629986,
2019,10,175,,247,22-Aug,234,84,2,m,corn,2,58,0.93,99.3258427,93.52818372,93.52818372,
2019,10,175,,247,20-Aug,232,80,2,m,wide,1,63,1.29,99.06487858,93.66715758,93.66715758,
2019,10,175,,247,20-Aug,232,115,2,m,corn,4,46,0.91,99.3403407,93.66736256,93.66736256,
2020,50,211,,748,1-Sep,245,645,6,f,fallow,2,76,29.38,93.75252515,93.75252515,93.75252515,
2019,10,175,,247,20-Aug,232,114,2,m,corn,4,41,0.88,99.36208771,93.87613083,93.87613083,
2020,20,181,,373,1-Sep,245,467,3,f,wide,2,76,3.64,99.22597657,94.03082978,94.03082978,
2020,50,211,,748,1-Sep,245,654,6,m,fallow,2,76,27.94,94.05873222,94.05873222,94.05873222,
2020,20,181,,373,1-Sep,245,471,3,f,wide,2,94,3.58,99.23873519,94.1292227,94.1292227,
2020,50,211,,748,1-Sep,245,661,6,m,fallow,4,89,27.41,94.17143343,94.17143343,94.17143343,
2019,10,175,,247,20-Aug,232,81,2,m,corn,2,47,0.83,99.39833273,94.22407794,94.22407794,
2020,30,191,,517,1-Sep,245,522,4,f,corn,3,41,0.81,99.82775852,94.42916094,94.42916094,
2020,20,181,,373,1-Sep,245,472,3,f,wide,2,99,3.38,99.28126395,94.45719908,94.45719908,
2020,20,181,,373,30-Jul,212,500,3,m,wide,3,71,3.35,99.28764327,94.50639554,94.50639554,
2019,10,175,,247,20-Aug,232,105,2,m,narrow,3,63,0.49,99.64479884,94.64480874,94.64480874,
2020,50,211,,748,1-Sep,245,672,6,m,fallow,3,66,25.18,94.64562911,94.64562911,94.64562911,
2020,50,211,,748,1-Sep,245,659,6,m,fallow,4,89,24.32,94.82850278,94.82850278,94.82850278,
2020,10,171,,269,30-Jul,212,439,2,m,narrow,3,78,1.35,99.71293087,94.86887115,94.86887115,
2020,50,211,,748,1-Sep,245,671,6,m,fallow,3,64,23.99,94.89867523,94.89867523,94.89867523,
2020,20,181,,373,14-Aug,227,466,3,f,wide,1,102,3.01,99.35994216,95.0639554,95.0639554,
2020,20,181,,373,30-Jul,212,499,3,m,wide,3,61,3.01,99.35994216,95.0639554,95.0639554,
2020,20,181,,373,19-Aug,232,489,3,m,corn,3,51,0.71,99.8490229,95.11691884,95.11691884,
2020,30,191,,517,1-Sep,245,529,4,f,corn,4,30,0.71,99.8490229,95.11691884,95.11691884,
2020,50,211,,748,1-Sep,245,655,6,m,fallow,2,74,22.5,95.21551449,95.21551449,95.21551449,
2020,20,181,,373,30-Jul,212,501,3,m,wide,4,80,2.89,99.38545942,95.26074123,95.26074123,
2020,30,191,,517,1-Sep,245,540,4,m,corn,3,46,0.68,99.85540222,95.32324622,95.32324622,
2020,20,181,,373,30-Jul,212,497,3,m,wide,3,66,2.81,99.40247092,95.39193178,95.39193178,
2020,30,191,,517,1-Sep,245,545,4,m,corn,3,38,0.66,99.85965509,95.4607978,95.4607978,
2020,30,191,,517,1-Sep,245,528,4,f,corn,4,31,0.66,99.85965509,95.4607978,95.4607978,
2020,10,171,,269,30-Jul,212,410,2,f,narrow,3,71,1.18,99.74908032,95.5150133,95.5150133,
2019,10,175,,247,20-Aug,232,75,2,m,narrow,1,51,0.41,99.70279087,95.51912568,95.51912568,
2019,10,175,,247,20-Aug,232,67,2,m,corn,1,44,0.64,99.53606379,95.54627697,95.54627697,
2020,30,191,,517,1-Sep,245,525,4,f,corn,2,30,0.63,99.86603441,95.66712517,95.66712517,
2019,10,175,,247,20-Aug,232,94,2,m,wide,2,64,0.87,99.36933672,95.72901325,95.72901325,
2019,10,175,,247,2-Aug,214,121,2,m,narrow,4,35,0.39,99.71728887,95.73770492,95.73770492,
2020,30,191,,517,1-Sep,245,526,4,f,corn,2,31,0.61,99.87028728,95.80467675,95.80467675,
2019,10,175,,247,20-Aug,232,124,2,f,narrow,4,42,0.38,99.72453788,95.84699454,95.84699454,
2020,20,181,,373,19-Aug,232,488,3,m,corn,2,56,0.6,99.87241372,95.87345254,95.87345254,
2020,30,191,,517,1-Sep,245,527,4,f,corn,2,33,0.58,99.8766666,96.01100413,96.01100413,
2020,20,181,,373,19-Aug,232,458,3,f,corn,4,45,0.56,99.88091947,96.14855571,96.14855571,
2019,10,175,,247,20-Aug,232,108,2,m,narrow,3,38,0.35,99.74628489,96.17486339,96.17486339,
2020,20,181,,373,30-Jul,212,496,3,m,wide,2,59,2.31,99.50879282,96.21187275,96.21187275,
2019,10,175,,247,20-Aug,232,128,2,m,wide,4,53,0.77,99.44182675,96.21993127,96.21993127,
2019,10,175,,247,20-Aug,232,112,2,m,wide,3,81,0.69,99.49981877,96.61266568,96.61266568,
2019,10,175,,247,20-Aug,232,127,2,m,wide,4,58,0.68,99.50706778,96.66175749,96.66175749,
2020,20,181,,373,30-Jul,212,502,3,m,wide,4,69,2.03,99.56833309,96.67103969,96.67103969,
2020,20,181,,373,30-Jul,212,498,3,m,wide,3,68,2.01,99.57258596,96.70383732,96.70383732,
2019,10,175,,247,4-Sep,247,122,2,f,narrow,4,46,0.3,99.7825299,96.72131148,96.72131148,
2019,20,185,,379,20-Aug,232,178,3,m,corn,4,30,0.45,99.67379485,96.86847599,96.86847599,
2020,10,171,,269,30-Jul,212,444,2,f,narrow,1,75,0.82,99.82563208,96.88331433,96.88331433,
2019,10,175,,247,20-Aug,232,96,2,m,wide,2,45,0.63,99.54331279,96.90721649,96.90721649,
2019,10,175,,247,20-Aug,232,76,2,m,narrow,1,40,0.28,99.79702791,96.93989071,96.93989071,
2019,10,175,,247,27-Aug,239,100,2,f,corn,3,51,0.42,99.69554186,97.07724426,97.07724426,
2019,10,175,,247,20-Aug,232,92,2,m,wide,2,55,0.59,99.57230881,97.1035837,97.1035837,
2020,20,181,,373,19-Aug,232,490,3,m,corn,4,31,0.41,99.91281604,97.18019257,97.18019257,
2019,10,175,,247,20-Aug,232,93,2,m,wide,2,52,0.56,99.59405582,97.25085911,97.25085911,
2020,50,211,,748,1-Sep,245,642,6,f,fallow,1,48,12.57,97.32706743,97.32706743,97.32706743,
2020,30,191,,517,1-Sep,245,544,4,m,corn,1,39,0.38,99.91919536,97.38651994,97.38651994,
2020,50,211,,748,1-Sep,245,657,6,m,fallow,3,36,11.97,97.45465371,97.45465371,97.45465371,
2020,30,191,,517,1-Sep,245,543,4,m,corn,4,36,0.36,99.92344823,97.52407153,97.52407153,
2019,10,175,,247,27-Aug,239,99,2,m,corn,3,46,0.34,99.75353389,97.63395964,97.63395964,
2019,10,175,,247,20-Aug,232,123,2,m,narrow,4,45,0.21,99.84777093,97.70491803,97.70491803,
2019,10,175,,247,22-Aug,234,82,2,m,corn,2,46,0.32,99.7680319,97.77313848,97.77313848,
2020,50,211,,748,1-Sep,245,641,6,f,fallow,1,51,10.35,97.79913667,97.79913667,97.79913667,
2019,10,175,,247,20-Aug,232,95,2,m,wide,2,51,0.44,99.68104386,97.83996073,97.83996073,
2019,10,175,,247,27-Aug,239,97,2,f,corn,3,39,0.31,99.7752809,97.84272791,97.84272791,
2020,20,181,,373,19-Aug,232,459,3,f,corn,4,39,0.31,99.93408042,97.86795048,97.86795048,
2020,20,181,,373,30-Jul,212,495,3,m,wide,1,59,1.29,99.7256895,97.88455231,97.88455231,
2019,10,175,,247,27-Aug,239,89,2,m,narrow,2,33,0.18,99.86951794,98.03278689,98.03278689,
2019,20,185,,379,4-Sep,247,146,3,m,corn,2,25,0.28,99.79702791,98.05149617,98.05149617,
2020,30,191,,517,1-Sep,245,546,4,m,corn,2,38,0.28,99.94045974,98.07427785,98.07427785,
2020,40,201,,636,14-Aug,227,580,5,f,fallow,1,36,7.96,98.30735535,98.30735535,98.30735535,
2020,20,181,,373,19-Aug,232,491,3,m,corn,4,23,0.23,99.95109193,98.41815681,98.41815681,
2019,10,175,,247,27-Aug,239,110,2,m,wide,3,47,0.31,99.7752809,98.47815415,98.47815415,
2020,30,191,,517,1-Sep,245,521,4,f,corn,1,25,0.22,99.95321836,98.4869326,98.4869326,
2019,10,175,,247,20-Aug,232,74,2,m,narrow,1,24,0.12,99.91301196,98.68852459,98.68852459,
2020,30,191,,517,1-Sep,245,542,4,m,corn,4,34,0.19,99.95959768,98.69325997,98.69325997,
2020,50,211,,748,1-Sep,245,643,6,f,fallow,1,36,5.94,98.73689583,98.73689583,98.73689583,
2019,10,175,,247,29-Aug,241,65,2,f,corn,1,37,0.18,99.86951794,98.7473904,98.7473904,
2019,10,175,,247,20-Aug,232,106,2,m,narrow,3,27,0.1,99.92750997,98.90710383,98.90710383,
2019,10,175,,247,27-Aug,239,98,2,m,corn,3,22,0.15,99.89126495,98.95615866,98.95615866,
2020,40,201,,636,1-Sep,245,586,5,f,corn,4,18,0.15,99.96810343,98.96836314,98.96836314,
2020,50,211,,748,1-Sep,245,644,6,f,fallow,1,58,4.81,98.97718332,98.97718332,98.97718332,
2019,20,185,,379,4-Sep,247,142,3,m,wide,1,14,0.2,99.85501993,99.01816397,99.01816397,
2019,20,185,,379,4-Sep,247,145,3,m,corn,2,13,0.13,99.90576296,99.09533751,99.09533751,
2020,30,191,,517,1-Sep,245,523,4,f,corn,1,20,0.13,99.97235631,99.10591472,99.10591472,
2020,40,201,,636,1-Sep,245,608,5,m,corn,4,30,0.13,99.97235631,99.10591472,99.10591472,
2019,20,185,,379,20-Aug,232,163,3,m,corn,3,35,0.12,99.91301196,99.16492693,99.16492693,
2020,30,191,,517,1-Sep,245,524,4,f,corn,1,30,0.12,99.97448274,99.17469051,99.17469051,
2019,20,185,,379,4-Sep,247,147,3,f,corn,2,21,0.11,99.92026096,99.23451635,99.23451635,
2020,40,201,,636,1-Sep,245,589,5,f,corn,2,18,0.11,99.97660918,99.2434663,99.2434663,
2020,40,201,,636,1-Sep,245,591,5,f,corn,4,15,0.09,99.98086206,99.38101788,99.38101788,
2020,50,211,,748,1-Sep,245,649,6,f,corn,1,10,0.09,99.98086206,99.38101788,99.38101788,
2020,50,211,,748,1-Sep,245,663,6,m,corn,2,14,0.09,99.98086206,99.38101788,99.38101788,
2020,50,211,,748,1-Sep,245,669,6,m,corn,4,14,0.09,99.98086206,99.38101788,99.38101788,
2019,20,185,,379,4-Sep,247,148,3,f,corn,2,22,0.08,99.94200797,99.44328462,99.44328462,
2020,40,201,,636,1-Sep,245,604,5,m,corn,3,15,0.08,99.9829885,99.44979367,99.44979367,
2020,50,211,,748,1-Sep,245,650,6,f,corn,2,8,0.08,99.9829885,99.44979367,99.44979367,
2020,20,181,,373,1-Sep,245,506,3,f,narrow,3,17,0.14,99.97022987,99.46788293,99.46788293,
2020,20,181,,373,1-Sep,245,508,3,m,narrow,3,11,0.14,99.97022987,99.46788293,99.46788293,
2020,20,181,,373,1-Sep,245,477,3,f,narrow,2,17,0.13,99.97235631,99.5058913,99.5058913,
2020,20,181,,373,1-Sep,245,512,3,m,narrow,4,17,0.13,99.97235631,99.5058913,99.5058913,
2019,20,185,,379,20-Aug,232,129,3,m,corn,1,17,0.07,99.94925698,99.51287404,99.51287404,
2020,50,211,,748,1-Sep,245,648,6,f,corn,1,11,0.07,99.98511493,99.51856946,99.51856946,
2020,50,211,,748,1-Sep,245,652,6,f,corn,3,10,0.07,99.98511493,99.51856946,99.51856946,
2020,50,211,,748,1-Sep,245,653,6,f,corn,4,11,0.07,99.98511493,99.51856946,99.51856946,
2020,20,181,,373,1-Sep,245,505,3,m,narrow,3,16,0.11,99.97660918,99.58190802,99.58190802,
2020,20,181,,373,1-Sep,245,509,3,m,narrow,4,15,0.11,99.97660918,99.58190802,99.58190802,
2020,30,191,,517,1-Sep,245,541,4,m,corn,3,23,0.06,99.98724137,99.58734525,99.58734525,
2020,40,201,,636,1-Sep,245,585,5,f,corn,1,13,0.06,99.98724137,99.58734525,99.58734525,
2020,40,201,,636,1-Sep,245,606,5,m,corn,3,13,0.06,99.98724137,99.58734525,99.58734525,
2020,50,211,,748,1-Sep,245,665,6,m,corn,2,6,0.06,99.98724137,99.58734525,99.58734525,
2020,50,211,,748,1-Sep,245,667,6,m,corn,3,9,0.06,99.98724137,99.58734525,99.58734525,
2020,50,211,,748,1-Sep,245,651,6,f,corn,3,10,0.06,99.98724137,99.58734525,99.58734525,
2020,20,181,,373,1-Sep,245,507,3,f,narrow,3,15,0.1,99.97873562,99.61991638,99.61991638,
2020,20,181,,373,1-Sep,245,511,3,m,narrow,4,13,0.1,99.97873562,99.61991638,99.61991638,
2020,40,201,,636,1-Sep,245,590,5,f,corn,1,13,0.05,99.98936781,99.65612105,99.65612105,
2020,40,201,,636,1-Sep,245,605,5,m,corn,3,10,0.05,99.98936781,99.65612105,99.65612105,
2020,20,181,,373,1-Sep,245,510,3,m,narrow,4,12,0.09,99.98086206,99.65792474,99.65792474,
2020,40,201,,636,1-Sep,245,603,5,m,corn,3,6,0.04,99.99149425,99.72489684,99.72489684,
2020,50,211,,748,1-Sep,245,666,6,m,corn,3,9,0.04,99.99149425,99.72489684,99.72489684,
2020,20,181,,373,1-Sep,245,475,3,f,narrow,2,10,0.06,99.98724137,99.77194983,99.77194983,
2019,20,185,,379,4-Sep,247,139,3,m,narrow,1,11,0.02,99.98550199,99.78142077,99.78142077,
2019,20,185,,379,4-Sep,247,172,3,m,narrow,3,10,0.02,99.98550199,99.78142077,99.78142077,
2019,30,195,,499,20-Aug,232,225,4,m,corn,3,10,0.03,99.97825299,99.79123173,99.79123173,
2019,30,195,,499,20-Aug,232,243,4,m,corn,4,9,0.03,99.97825299,99.79123173,99.79123173,
2020,40,201,,636,1-Sep,245,588,5,f,corn,2,6,0.03,99.99362069,99.79367263,99.79367263,
2020,50,211,,748,1-Sep,245,670,6,m,corn,4,13,0.03,99.99362069,99.79367263,99.79367263,
2019,20,185,,379,27-Aug,239,160,3,m,wide,2,19,0.04,99.97100399,99.80363279,99.80363279,
2020,20,181,,373,14-Aug,227,473,3,f,narrow,1,14,0.05,99.98936781,99.80995819,99.80995819,
2020,20,181,,373,1-Sep,245,476,3,f,narrow,2,10,0.05,99.98936781,99.80995819,99.80995819,
2020,20,181,,373,1-Sep,245,504,3,m,narrow,1,12,0.05,99.98936781,99.80995819,99.80995819,
2020,30,191,,517,1-Sep,245,530,4,f,narrow,1,6,0.05,99.98936781,99.80995819,99.80995819,
2020,20,181,,373,14-Aug,227,474,3,f,narrow,1,10,0.04,99.99149425,99.84796655,99.84796655,
2019,20,185,,379,4-Sep,247,176,3,f,wide,3,15,0.03,99.97825299,99.85272459,99.85272459,
2019,20,185,,379,27-Aug,239,130,3,f,corn,1,26,0.02,99.98550199,99.86082116,99.86082116,
2019,20,185,,379,27-Aug,239,131,3,f,corn,1,28,0.02,99.98550199,99.86082116,99.86082116,
2019,20,185,,379,27-Aug,239,164,3,f,corn,3,20,0.02,99.98550199,99.86082116,99.86082116,
2019,30,195,,499,20-Aug,232,242,4,m,corn,4,8,0.02,99.98550199,99.86082116,99.86082116,
2019,40,205,,632,22-Aug,234,273,5,m,corn,2,8,0.02,99.98550199,99.86082116,99.86082116,
2020,40,201,,636,1-Sep,245,584,5,f,corn,1,9,0.02,99.99574712,99.86244842,99.86244842,
2020,40,201,,636,1-Sep,245,602,5,m,corn,2,8,0.02,99.99574712,99.86244842,99.86244842,
2020,40,201,,636,1-Sep,245,601,5,m,corn,2,13,0.02,99.99574712,99.86244842,99.86244842,
2020,50,211,,748,1-Sep,245,662,6,m,corn,1,9,0.02,99.99574712,99.86244842,99.86244842,
2020,50,211,,748,1-Sep,245,664,6,m,corn,2,18,0.02,99.99574712,99.86244842,99.86244842,
2020,30,191,,517,1-Sep,245,548,4,m,wide,2,9,0.07,99.98511493,99.88520827,99.88520827,
2020,20,181,,373,1-Sep,245,503,3,m,narrow,1,11,0.03,99.99362069,99.88597491,99.88597491,
2020,30,191,,517,1-Sep,245,531,4,f,narrow,1,8,0.03,99.99362069,99.88597491,99.88597491,
2020,30,191,,517,1-Sep,245,574,4,f,narrow,1,6,0.03,99.99362069,99.88597491,99.88597491,
2020,30,191,,517,1-Sep,245,575,4,m,narrow,2,7,0.03,99.99362069,99.88597491,99.88597491,
2019,10,175,,247,20-Aug,232,73,2,m,narrow,1,25,0.01,99.992751,99.89071038,99.89071038,
2019,10,175,,247,4-Sep,247,90,2,m,narrow,2,24,0.01,99.992751,99.89071038,99.89071038,
2019,10,175,,247,4-Sep,247,91,2,m,narrow,2,12,0.01,99.992751,99.89071038,99.89071038,
2019,20,185,,379,27-Aug,239,137,3,m,narrow,1,7,0.01,99.992751,99.89071038,99.89071038,
2019,20,185,,379,27-Aug,239,138,3,m,narrow,1,6,0.01,99.992751,99.89071038,99.89071038,
2019,20,185,,379,4-Sep,247,140,3,m,narrow,1,12,0.01,99.992751,99.89071038,99.89071038,
2019,20,185,,379,4-Sep,247,153,3,m,narrow,2,15,0.01,99.992751,99.89071038,99.89071038,
2019,20,185,,379,4-Sep,247,154,3,m,narrow,2,9,0.01,99.992751,99.89071038,99.89071038,
2019,20,185,,379,4-Sep,247,155,3,m,narrow,2,10,0.01,99.992751,99.89071038,99.89071038,
2019,20,185,,379,4-Sep,247,156,3,m,narrow,2,8,0.01,99.992751,99.89071038,99.89071038,
2019,20,185,,379,27-Aug,239,169,3,m,narrow,3,12,0.01,99.992751,99.89071038,99.89071038,
2019,20,185,,379,4-Sep,247,170,3,f,narrow,3,7,0.01,99.992751,99.89071038,99.89071038,
2019,20,185,,379,4-Sep,247,171,3,m,narrow,3,6,0.01,99.992751,99.89071038,99.89071038,
2019,20,185,,379,4-Sep,247,185,3,f,narrow,4,13,0.01,99.992751,99.89071038,99.89071038,
2019,20,185,,379,4-Sep,247,186,3,m,narrow,4,11,0.01,99.992751,99.89071038,99.89071038,
2019,20,185,,379,4-Sep,247,187,3,m,narrow,4,11,0.01,99.992751,99.89071038,99.89071038,
2019,20,185,,379,4-Sep,247,188,3,f,narrow,4,8,0.01,99.992751,99.89071038,99.89071038,
2019,30,195,,499,27-Aug,239,233,4,f,narrow,3,8,0.01,99.992751,99.89071038,99.89071038,
2019,30,195,,499,4-Sep,247,249,4,m,narrow,4,5,0.01,99.992751,99.89071038,99.89071038,
2019,30,195,,499,4-Sep,247,250,4,m,narrow,4,4,0.01,99.992751,99.89071038,99.89071038,
2019,40,205,,632,4-Sep,247,281,5,m,narrow,2,3,0.01,99.992751,99.89071038,99.89071038,
2019,40,205,,632,4-Sep,247,282,5,m,narrow,2,5,0.01,99.992751,99.89071038,99.89071038,
2019,40,205,,632,4-Sep,247,283,5,m,narrow,2,7,0.01,99.992751,99.89071038,99.89071038,
2019,20,185,,379,4-Sep,247,144,3,m,wide,1,16,0.02,99.98550199,99.9018164,99.9018164,
2019,20,185,,379,20-Aug,232,158,3,m,wide,2,10,0.02,99.98550199,99.9018164,99.9018164,
2019,20,185,,379,27-Aug,239,175,3,f,wide,3,12,0.02,99.98550199,99.9018164,99.9018164,
2019,20,185,,379,4-Sep,247,190,3,m,wide,4,13,0.02,99.98550199,99.9018164,99.9018164,
2020,30,191,,517,1-Sep,245,550,4,m,wide,2,8,0.05,99.98936781,99.9180059,99.9180059,
2020,20,181,,373,1-Sep,245,478,3,f,narrow,2,11,0.02,99.99574712,99.92398328,99.92398328,
2020,30,191,,517,1-Sep,245,553,4,m,narrow,4,9,0.02,99.99574712,99.92398328,99.92398328,
2020,30,191,,517,1-Sep,245,554,4,m,narrow,4,6,0.02,99.99574712,99.92398328,99.92398328,
2020,30,191,,517,1-Sep,245,573,4,f,narrow,1,7,0.02,99.99574712,99.92398328,99.92398328,
2019,20,185,,379,27-Aug,239,132,3,m,corn,1,15,0.01,99.992751,99.93041058,99.93041058,
2019,20,185,,379,20-Aug,232,162,3,m,corn,3,11,0.01,99.992751,99.93041058,99.93041058,
2019,20,185,,379,20-Aug,232,161,3,m,corn,3,14,0.01,99.992751,99.93041058,99.93041058,
2019,30,195,,499,4-Sep,247,193,4,na,corn,1,15,0.01,99.992751,99.93041058,99.93041058,
2019,30,195,,499,4-Sep,247,194,4,na,corn,1,14,0.01,99.992751,99.93041058,99.93041058,
2019,30,195,,499,4-Sep,247,195,4,na,corn,1,12,0.01,99.992751,99.93041058,99.93041058,
2019,30,195,,499,4-Sep,247,196,4,na,corn,1,12,0.01,99.992751,99.93041058,99.93041058,
2019,30,195,,499,4-Sep,247,211,4,na,corn,2,10,0.01,99.992751,99.93041058,99.93041058,
2019,30,195,,499,4-Sep,247,212,4,na,corn,2,11,0.01,99.992751,99.93041058,99.93041058,
2019,30,195,,499,4-Sep,247,226,4,na,corn,3,12,0.01,99.992751,99.93041058,99.93041058,
2019,30,195,,499,4-Sep,247,227,4,na,corn,3,11,0.01,99.992751,99.93041058,99.93041058,
2019,30,195,,499,4-Sep,247,228,4,na,corn,3,10,0.01,99.992751,99.93041058,99.93041058,
2019,30,195,,499,29-Aug,241,210,4,m,corn,2,11,0.01,99.992751,99.93041058,99.93041058,
2019,30,195,,499,27-Aug,239,209,4,f,corn,2,7,0.01,99.992751,99.93041058,99.93041058,
2019,30,195,,499,29-Aug,241,244,4,f,corn,4,11,0.01,99.992751,99.93041058,99.93041058,
2019,30,195,,499,20-Aug,232,241,4,m,corn,4,18,0.01,99.992751,99.93041058,99.93041058,
2019,40,205,,632,4-Sep,247,257,5,na,corn,1,6,0.01,99.992751,99.93041058,99.93041058,
2019,40,205,,632,4-Sep,247,258,5,na,corn,1,10,0.01,99.992751,99.93041058,99.93041058,
2019,40,205,,632,4-Sep,247,259,5,na,corn,1,9,0.01,99.992751,99.93041058,99.93041058,
2019,40,205,,632,4-Sep,247,260,5,na,corn,1,4,0.01,99.992751,99.93041058,99.93041058,
2019,40,205,,632,29-Aug,241,292,5,na,corn,3,8,0.01,99.992751,99.93041058,99.93041058,
2019,40,205,,632,4-Sep,247,276,5,m,corn,2,6,0.01,99.992751,99.93041058,99.93041058,
2019,40,205,,632,4-Sep,247,275,5,f,corn,2,10,0.01,99.992751,99.93041058,99.93041058,
2019,40,205,,632,27-Aug,239,274,5,m,corn,2,14,0.01,99.992751,99.93041058,99.93041058,
2019,40,205,,632,29-Aug,241,290,5,m,corn,3,9,0.01,99.992751,99.93041058,99.93041058,
2019,40,205,,632,29-Aug,241,291,5,m,corn,3,9,0.01,99.992751,99.93041058,99.93041058,
2019,40,205,,632,29-Aug,241,289,5,m,corn,3,10,0.01,99.992751,99.93041058,99.93041058,
2019,40,205,,632,29-Aug,241,305,5,m,corn,4,5,0.01,99.992751,99.93041058,99.93041058,
2019,40,205,,632,29-Aug,241,307,5,m,corn,4,5,0.01,99.992751,99.93041058,99.93041058,
2019,40,205,,632,29-Aug,241,308,5,m,corn,4,7,0.01,99.992751,99.93041058,99.93041058,
2019,40,205,,632,29-Aug,241,306,5,m,corn,4,8,0.01,99.992751,99.93041058,99.93041058,
2020,40,201,,636,1-Sep,245,587,5,f,corn,1,4,0.01,99.99787356,99.93122421,99.93122421,
2020,40,201,,636,1-Sep,245,607,5,m,corn,4,9,0.01,99.99787356,99.93122421,99.93122421,
2020,50,211,,748,1-Sep,245,647,6,f,corn,1,11,0.01,99.99787356,99.93122421,99.93122421,
2020,50,211,,748,1-Sep,245,668,6,m,corn,4,9,0.01,99.99787356,99.93122421,99.93122421,
2020,30,191,,517,1-Sep,245,549,4,m,wide,2,13,0.04,99.99149425,99.93440472,99.93440472,
2020,30,191,,517,1-Sep,245,547,4,m,wide,2,8,0.03,99.99362069,99.95080354,99.95080354,
2019,20,185,,379,27-Aug,239,141,3,f,wide,1,13,0.01,99.992751,99.9509082,99.9509082,
2019,20,185,,379,4-Sep,247,143,3,m,wide,1,14,0.01,99.992751,99.9509082,99.9509082,
2019,20,185,,379,20-Aug,232,157,3,m,wide,2,15,0.01,99.992751,99.9509082,99.9509082,
2019,20,185,,379,27-Aug,239,159,3,m,wide,2,10,0.01,99.992751,99.9509082,99.9509082,
2019,20,185,,379,27-Aug,239,173,3,m,wide,3,14,0.01,99.992751,99.9509082,99.9509082,
2019,20,185,,379,27-Aug,239,174,3,m,wide,3,10,0.01,99.992751,99.9509082,99.9509082,
2019,20,185,,379,4-Sep,247,189,3,m,wide,4,14,0.01,99.992751,99.9509082,99.9509082,
2019,20,185,,379,4-Sep,247,191,3,f,wide,4,13,0.01,99.992751,99.9509082,99.9509082,
2019,20,185,,379,4-Sep,247,192,3,f,wide,4,12,0.01,99.992751,99.9509082,99.9509082,
2019,30,195,,499,4-Sep,247,221,4,m,wide,2,4,0.01,99.992751,99.9509082,99.9509082,
2019,30,195,,499,4-Sep,247,222,4,m,wide,2,9,0.01,99.992751,99.9509082,99.9509082,
2019,30,195,,499,27-Aug,239,237,4,f,wide,3,11,0.01,99.992751,99.9509082,99.9509082,
2019,30,195,,499,4-Sep,247,238,4,m,wide,3,11,0.01,99.992751,99.9509082,99.9509082,
2019,30,195,,499,4-Sep,247,239,4,m,wide,3,6,0.01,99.992751,99.9509082,99.9509082,
2019,30,195,,499,27-Aug,239,253,4,m,wide,4,13,0.01,99.992751,99.9509082,99.9509082,
2019,40,205,,632,4-Sep,247,285,5,m,wide,2,7,0.01,99.992751,99.9509082,99.9509082,
2019,40,205,,632,4-Sep,247,317,5,m,wide,4,6,0.01,99.992751,99.9509082,99.9509082,
2019,40,205,,632,4-Sep,247,318,5,m,wide,4,5,0.01,99.992751,99.9509082,99.9509082,
2020,30,191,,517,1-Sep,245,551,4,m,narrow,2,8,0.01,99.99787356,99.96199164,99.96199164,
2020,30,191,,517,1-Sep,245,552,4,m,narrow,2,4,0.01,99.99787356,99.96199164,99.96199164,
2020,30,191,,517,1-Sep,245,571,4,f,narrow,4,6,0.01,99.99787356,99.96199164,99.96199164,
2020,30,191,,517,1-Sep,245,572,4,f,narrow,4,6,0.01,99.99787356,99.96199164,99.96199164,
2020,30,191,,517,1-Sep,245,576,4,m,narrow,2,4,0.01,99.99787356,99.96199164,99.96199164,
2019,30,195,,499,4-Sep,247,201,4,na,narrow,1,0,0,100,100,100,
2019,30,195,,499,4-Sep,247,202,4,na,narrow,1,0,0,100,100,100,
2019,30,195,,499,4-Sep,247,203,4,na,narrow,1,0,0,100,100,100,
2019,30,195,,499,4-Sep,247,204,4,na,narrow,1,0,0,100,100,100,
2019,30,195,,499,4-Sep,247,205,4,na,wide,1,0,0,100,100,100,
2019,30,195,,499,4-Sep,247,206,4,na,wide,1,0,0,100,100,100,
2019,30,195,,499,4-Sep,247,207,4,na,wide,1,0,0,100,100,100,
2019,30,195,,499,4-Sep,247,208,4,na,wide,1,0,0,100,100,100,
2019,30,195,,499,4-Sep,247,217,4,na,narrow,2,0,0,100,100,100,
2019,30,195,,499,4-Sep,247,218,4,na,narrow,2,0,0,100,100,100,
2019,30,195,,499,4-Sep,247,219,4,na,narrow,2,0,0,100,100,100,
2019,30,195,,499,4-Sep,247,220,4,na,narrow,2,0,0,100,100,100,
2019,30,195,,499,4-Sep,247,223,4,na,wide,2,0,0,100,100,100,
2019,30,195,,499,4-Sep,247,224,4,na,wide,2,0,0,100,100,100,
2019,30,195,,499,4-Sep,247,234,4,na,narrow,3,0,0,100,100,100,
2019,30,195,,499,4-Sep,247,235,4,na,narrow,3,0,0,100,100,100,
2019,30,195,,499,4-Sep,247,236,4,na,narrow,3,0,0,100,100,100,
2019,30,195,,499,4-Sep,247,240,4,na,wide,3,0,0,100,100,100,
2019,30,195,,499,4-Sep,247,251,4,na,narrow,4,0,0,100,100,100,
2019,30,195,,499,4-Sep,247,252,4,na,narrow,4,0,0,100,100,100,
2019,30,195,,499,4-Sep,247,254,4,na,wide,4,0,0,100,100,100,
2019,30,195,,499,4-Sep,247,255,4,na,wide,4,0,0,100,100,100,
2019,30,195,,499,4-Sep,247,256,4,na,wide,4,0,0,100,100,100,
2019,40,205,,632,4-Sep,247,265,5,na,narrow,1,0,0,100,100,100,
2019,40,205,,632,4-Sep,247,266,5,na,narrow,1,0,0,100,100,100,
2019,40,205,,632,4-Sep,247,267,5,na,narrow,1,0,0,100,100,100,
2019,40,205,,632,4-Sep,247,268,5,na,narrow,1,0,0,100,100,100,
2019,40,205,,632,4-Sep,247,269,5,na,wide,1,0,0,100,100,100,
2019,40,205,,632,4-Sep,247,270,5,na,wide,1,0,0,100,100,100,
2019,40,205,,632,4-Sep,247,271,5,na,wide,1,0,0,100,100,100,
2019,40,205,,632,4-Sep,247,272,5,na,wide,1,0,0,100,100,100,
2019,40,205,,632,4-Sep,247,284,5,na,narrow,2,0,0,100,100,100,
2019,40,205,,632,4-Sep,247,286,5,na,wide,2,0,0,100,100,100,
2019,40,205,,632,4-Sep,247,287,5,na,wide,2,0,0,100,100,100,
2019,40,205,,632,4-Sep,247,288,5,na,wide,2,0,0,100,100,100,
2019,40,205,,632,29-Aug,241,297,5,na,narrow,3,0,0,100,100,100,
2019,40,205,,632,29-Aug,241,298,5,na,narrow,3,0,0,100,100,100,
2019,40,205,,632,29-Aug,241,299,5,na,narrow,3,0,0,100,100,100,
2019,40,205,,632,29-Aug,241,300,5,na,narrow,3,0,0,100,100,100,
2019,40,205,,632,29-Aug,241,301,5,na,wide,3,0,0,100,100,100,
2019,40,205,,632,29-Aug,241,302,5,na,wide,3,0,0,100,100,100,
2019,40,205,,632,29-Aug,241,303,5,na,wide,3,0,0,100,100,100,
2019,40,205,,632,29-Aug,241,304,5,na,wide,3,0,0,100,100,100,
2019,40,205,,632,29-Aug,241,313,5,na,narrow,4,0,0,100,100,100,
2019,40,205,,632,29-Aug,241,314,5,na,narrow,4,0,0,100,100,100,
2019,40,205,,632,29-Aug,241,315,5,na,narrow,4,0,0,100,100,100,
2019,40,205,,632,29-Aug,241,316,5,na,narrow,4,0,0,100,100,100,
2019,40,205,,632,4-Sep,247,319,5,na,wide,4,0,0,100,100,100,
2019,40,205,,632,4-Sep,247,320,5,na,wide,4,0,0,100,100,100,
2020,30,191,,517,1-Sep,245,555,4,na,wide,4,0,0,100,100,100,
2020,30,191,,517,1-Sep,245,556,4,na,wide,4,0,0,100,100,100,
2020,30,191,,517,1-Sep,245,557,4,na,wide,4,0,0,100,100,100,
2020,30,191,,517,1-Sep,245,558,4,na,wide,4,0,0,100,100,100,
2020,30,191,,517,1-Sep,245,559,4,na,wide,3,0,0,100,100,100,
2020,30,191,,517,1-Sep,245,560,4,na,wide,3,0,0,100,100,100,
2020,30,191,,517,1-Sep,245,561,4,na,wide,3,0,0,100,100,100,
2020,30,191,,517,1-Sep,245,562,4,na,wide,3,0,0,100,100,100,
2020,30,191,,517,1-Sep,245,563,4,na,wide,1,0,0,100,100,100,
2020,30,191,,517,1-Sep,245,564,4,na,wide,1,0,0,100,100,100,
2020,30,191,,517,1-Sep,245,565,4,na,wide,1,0,0,100,100,100,
2020,30,191,,517,1-Sep,245,566,4,na,wide,1,0,0,100,100,100,
2020,30,191,,517,1-Sep,245,567,4,na,narrow,3,0,0,100,100,100,
2020,30,191,,517,1-Sep,245,568,4,na,narrow,3,0,0,100,100,100,
2020,30,191,,517,1-Sep,245,569,4,na,narrow,3,0,0,100,100,100,
2020,30,191,,517,1-Sep,245,570,4,na,narrow,3,0,0,100,100,100,
2020,40,201,,636,1-Sep,245,609,5,na,wide,4,0,0,100,100,100,
2020,40,201,,636,1-Sep,245,610,5,na,wide,4,0,0,100,100,100,
2020,40,201,,636,1-Sep,245,611,5,na,wide,4,0,0,100,100,100,
2020,40,201,,636,1-Sep,245,612,5,na,wide,4,0,0,100,100,100,
2020,40,201,,636,1-Sep,245,613,5,na,wide,3,0,0,100,100,100,
2020,40,201,,636,1-Sep,245,614,5,na,wide,3,0,0,100,100,100,
2020,40,201,,636,1-Sep,245,615,5,na,wide,3,0,0,100,100,100,
2020,40,201,,636,1-Sep,245,616,5,na,wide,3,0,0,100,100,100,
2020,40,201,,636,1-Sep,245,617,5,na,wide,1,0,0,100,100,100,
2020,40,201,,636,1-Sep,245,618,5,na,wide,1,0,0,100,100,100,
2020,40,201,,636,1-Sep,245,619,5,na,wide,1,0,0,100,100,100,
2020,40,201,,636,1-Sep,245,620,5,na,wide,1,0,0,100,100,100,
2020,40,201,,636,1-Sep,245,621,5,na,wide,2,0,0,100,100,100,
2020,40,201,,636,1-Sep,245,622,5,na,wide,2,0,0,100,100,100,
2020,40,201,,636,1-Sep,245,623,5,na,wide,2,0,0,100,100,100,
2020,40,201,,636,1-Sep,245,624,5,na,wide,2,0,0,100,100,100,
2020,40,201,,636,1-Sep,245,625,5,na,narrow,4,0,0,100,100,100,
2020,40,201,,636,1-Sep,245,626,5,na,narrow,4,0,0,100,100,100,
2020,40,201,,636,1-Sep,245,627,5,na,narrow,4,0,0,100,100,100,
2020,40,201,,636,1-Sep,245,628,5,na,narrow,4,0,0,100,100,100,
2020,40,201,,636,1-Sep,245,629,5,na,narrow,3,0,0,100,100,100,
2020,40,201,,636,1-Sep,245,630,5,na,narrow,3,0,0,100,100,100,
2020,40,201,,636,1-Sep,245,631,5,na,narrow,3,0,0,100,100,100,
2020,40,201,,636,1-Sep,245,632,5,na,narrow,3,0,0,100,100,100,
2020,40,201,,636,1-Sep,245,633,5,na,narrow,1,0,0,100,100,100,
2020,40,201,,636,1-Sep,245,634,5,na,narrow,1,0,0,100,100,100,
2020,40,201,,636,1-Sep,245,635,5,na,narrow,1,0,0,100,100,100,
2020,40,201,,636,1-Sep,245,636,5,na,narrow,1,0,0,100,100,100,
2020,40,201,,636,1-Sep,245,637,5,na,narrow,2,0,0,100,100,100,
2020,40,201,,636,1-Sep,245,638,5,na,narrow,2,0,0,100,100,100,
2020,40,201,,636,1-Sep,245,639,5,na,narrow,2,0,0,100,100,100,
2020,40,201,,636,1-Sep,245,640,5,na,narrow,2,0,0,100,100,100,
2020,50,211,,748,1-Sep,245,673,6,na,wide,4,0,0,100,100,100,
2020,50,211,,748,1-Sep,245,674,6,na,wide,4,0,0,100,100,100,
2020,50,211,,748,1-Sep,245,675,6,na,wide,4,0,0,100,100,100,
2020,50,211,,748,1-Sep,245,676,6,na,wide,4,0,0,100,100,100,
2020,50,211,,748,1-Sep,245,677,6,na,wide,3,0,0,100,100,100,
2020,50,211,,748,1-Sep,245,678,6,na,wide,3,0,0,100,100,100,
2020,50,211,,748,1-Sep,245,679,6,na,wide,3,0,0,100,100,100,
2020,50,211,,748,1-Sep,245,680,6,na,wide,3,0,0,100,100,100,
2020,50,211,,748,1-Sep,245,681,6,na,wide,1,0,0,100,100,100,
2020,50,211,,748,1-Sep,245,682,6,na,wide,1,0,0,100,100,100,
2020,50,211,,748,1-Sep,245,683,6,na,wide,1,0,0,100,100,100,
2020,50,211,,748,1-Sep,245,684,6,na,wide,1,0,0,100,100,100,
2020,50,211,,748,1-Sep,245,685,6,na,wide,2,0,0,100,100,100,
2020,50,211,,748,1-Sep,245,686,6,na,wide,2,0,0,100,100,100,
2020,50,211,,748,1-Sep,245,687,6,na,wide,2,0,0,100,100,100,
2020,50,211,,748,1-Sep,245,688,6,na,wide,2,0,0,100,100,100,
2020,50,211,,748,1-Sep,245,689,6,na,narrow,4,0,0,100,100,100,
2020,50,211,,748,1-Sep,245,690,6,na,narrow,4,0,0,100,100,100,
2020,50,211,,748,1-Sep,245,691,6,na,narrow,4,0,0,100,100,100,
2020,50,211,,748,1-Sep,245,692,6,na,narrow,4,0,0,100,100,100,
2020,50,211,,748,1-Sep,245,693,6,na,narrow,3,0,0,100,100,100,
2020,50,211,,748,1-Sep,245,694,6,na,narrow,3,0,0,100,100,100,
2020,50,211,,748,1-Sep,245,695,6,na,narrow,3,0,0,100,100,100,
2020,50,211,,748,1-Sep,245,696,6,na,narrow,3,0,0,100,100,100,
2020,50,211,,748,1-Sep,245,697,6,na,narrow,1,0,0,100,100,100,
2020,50,211,,748,1-Sep,245,698,6,na,narrow,1,0,0,100,100,100,
2020,50,211,,748,1-Sep,245,699,6,na,narrow,1,0,0,100,100,100,
2020,50,211,,748,1-Sep,245,700,6,na,narrow,1,0,0,100,100,100,
2020,50,211,,748,1-Sep,245,701,6,na,narrow,2,0,0,100,100,100,
2020,50,211,,748,1-Sep,245,702,6,na,narrow,2,0,0,100,100,100,
2020,50,211,,748,1-Sep,245,703,6,na,narrow,2,0,0,100,100,100,
2020,50,211,,748,1-Sep,245,704,6,na,narrow,2,0,0,100,100,100,
